{
    "R": 0.2426493457860595,
    "D": 0.0020554891385035834,
    "I_A": 0.0015886231090056595,
    "X_vac": 0.0003422968594886428,
    "V": 0.00017850780777573967,
    "previous_stage_cumulative_vaccination": 0.0,
    "X_0_mayer": 35.30556436125684,
    "opt_policy": 0.1,
    "time": 80.0,
    "T": -70.38916672561976,
    "I_S": 0.00036193647797669277,
    "Conservative_Law": 1.0000000000000195,
    "S": 0.7513832852154475,
    "K_stock_t": 0.04108612089708728,
    "stock_loss": 0.00016509002623108583,
    "action": 0.0010468787311151322,
    "E": 0.0017828124652508471,
    "t_index_interval": 2
}