{"R":0.2426493457860595,"D":0.0020554891385035834,"I_A":0.0015886231090056595,"X_vac":0.0003422968594886428,"V":0.00017850780777573967,"previous_stage_cumulative_vaccination":0.0,"X_0_mayer":35.315336761410244,"opt_policy":0.1,"time":80.08,"T":-69.20343712781728,"I_S":0.00036193647797669277,"Conservative_Law":1.0000000000000195,"S":0.7513832852154475,"K_stock_t":0.04107879308486397,"stock_loss":0.00017241783845439772,"action":0.0010466877023239168,"E":0.0017828124652508471,"t_index_interval":2}