{
    "R": 0.20268456666155996,
    "D": 0.0040215961490361355,
    "I_A": 0.02284803505412529,
    "X_vac": 0.2670600838665167,
    "V": 0.16185748200285296,
    "previous_stage_cumulative_vaccination": 0.004344331673266094,
    "X_0_mayer": 1033.744247630302,
    "opt_policy": 1.0,
    "time": 179.88000000000002,
    "T": -69.75880636850539,
    "I_S": 0.00527355675276428,
    "Conservative_Law": 1.0000000000000278,
    "S": 0.579060391665417,
    "K_stock_t": 0.0,
    "stock_loss": 0.011406408032436666,
    "action": 0.005077214213635363,
    "E": 0.024254371714272006,
    "t_index_interval": 3
}