{
    "R": 0.20291172076494945,
    "D": 0.004027675822948315,
    "I_A": 0.02288764252404643,
    "X_vac": 0.26753594931295643,
    "V": 0.1620168588596632,
    "previous_stage_cumulative_vaccination": 0.004344331673266094,
    "X_0_mayer": 1037.5545055443179,
    "opt_policy": 1.0,
    "time": 179.88000000000002,
    "T": -69.56169390993378,
    "I_S": 0.005283590651995114,
    "Conservative_Law": 1.0000000000000275,
    "S": 0.5785830445025905,
    "K_stock_t": 0.0,
    "stock_loss": 0.011406408032436666,
    "action": 0.005077214213635363,
    "E": 0.024289466873834743,
    "t_index_interval": 3
}