{"R":0.24246412443561222,"D":0.0020557728368583946,"I_A":0.0015917855031865507,"X_vac":0.0003503232866629187,"V":0.00018447537101978228,"previous_stage_cumulative_vaccination":0.0,"X_0_mayer":35.315336761410244,"opt_policy":0.1,"time":80.08,"T":-68.87073997673706,"I_S":0.00036262338147515313,"Conservative_Law":1.0000000000000195,"S":0.7515545926167357,"K_stock_t":0.04106705573420935,"stock_loss":0.00017612876193474317,"action":0.0010466877023239168,"E":0.0017866258551315856,"t_index_interval":2}