{"R":0.3445870265986426,"D":0.0146913878323875,"I_A":0.01592042883374302,"X_vac":0.6493012905258301,"V":0.15770989313584696,"previous_stage_cumulative_vaccination":0.45668802704385564,"X_0_mayer":42.76984097720378,"opt_policy":1.0,"time":365.0,"T":-71.12044798784946,"I_S":0.004058900201878862,"Conservative_Law":1.0000000000000382,"S":0.44786301769918396,"K_stock_t":0.0159158637032598,"stock_loss":0.01540388221684361,"action":0.005279962546151382,"E":0.015169345698355208,"t_index_interval":6}