{
    "time": 0.0,
    "S_0": 0.46360604600,
    "E_0": 0.00067033,
    "I_S_0": 9.283e-05,
    "I_A_0": 0.00120986,
    "R_0": 0.532520194,
    "D_0": 0.00190074,
    "V_0": 0.0,
    "Conservative_law": 1.0,
    "X_vac": 0.0,
    "X_0_mayer": 0.0,
    "K_stock": 1000000.0,
    "T": -70.0,
    "inventory_loss": 0.0,
    "action": 0.0,
    "optimal_policy": 0.0,
    "t_index_interval": 1
}