{
    "beta_s": 0.36328215,
    "beta_a": 0.25152105,
    "epsilon": 0.5,
    "delta_e": 0.19607843,
    "omega_v": 0.005555556,
    "delta_r": 0.0111111,
    "p": 0.1213,
    "alpha_a": 0.16750419,
    "alpha_s": 0.09250694,
    "theta": 0.11,
    "mu": 3.913894e-05,
    "psi_v": 0.0006734235772506801,
    "theta_T": 0.3,
    "mu_T": -70.0,
    "sigma_T": 1.25,
    "kappa": 0.1,
    "N": 26446435.0
}